name	armorType	skills	level1Slots	level2Slots	level3Slots
"Alloy Head Alpha"	head	"Defense Boost:1,Windproof:1"	0	0	0
"Alloy Head Beta"	head	Windproof:1	1	0	0
"Anja Head Alpha"	head	"Fire Attack:2,Fire Resistance:1"	0	0	0
"Anja Head Beta"	head	"Fire Attack:2"	0	1	0
"Azure Starlord Head Alpha"	head	Agitator:1	0	0	1
"Baan Head Alpha"	head	"Tremor Resistance:2"	0	0	0
"Baan Head Beta"	head	"Tremor Resistance:1"	0	1	0
"Barroth Head Alpha"	head	Guard:2	0	0	0
"Barroth Head Beta"	head	Guard:1	1	0	0
"Bazel Head Alpha"	head	"Blast Attack:1,Earplugs:2"	0	1	0
"Bazel Head Beta"	head	Earplugs:2	1	0	1
"Behemoth Head Alpha"	head	"Airborne:1,Critical Boost:1"	1	0	1
"Blossom Head Alpha"	head	"Honey Hunter:1"	2	0	0
"Bone Head Alpha"	head	"Entomologist:1,Health Boost:1"	0	0	0
"Bone Head Beta"	head	"Health Boost:1"	1	0	0
"Brigade Head Alpha"	head	"Horn Maestro:1,Recovery Speed:2"	0	0	0
"Brigade Head Beta"	head	"Recovery Speed:2"	1	0	0
"Chainmail Head Alpha"	head	"Guard:1,Master Gatherer:1"	0	0	0
"Chainmail Head Beta"	head	"Master Gatherer:1"	1	0	0
"Commission Head Alpha"	head	"Master Gatherer:1,Tool Specialist:1"	1	0	0
"Commission Head Beta"	head	"Tool Specialist:1"	0	1	0
"Damascus Head Alpha"	head	"Defense Boost:2,Speed Sharpening:1"	1	0	0
"Damascus Head Beta"	head	"Defense Boost:2"	0	0	1
"Dante Head Alpha"	head	"Critical Eye:1,Weakness Exploit:1"	1	0	0
"Death Stench Head Alpha"	head	"Critical Eye:1,Resuscitate:1"	0	1	0
"Death Stench Head Beta"	head	Resuscitate:1	0	0	1
"Diablos Head Alpha"	head	"Critical Draw:2,Heroics:1"	0	0	0
"Diablos Head Beta"	head	"Critical Draw:2"	0	1	0
"Diablos Nero Head Alpha"	head	Focus:2	1	0	0
"Diablos Nero Head Beta"	head	Focus:1	0	0	1
"Diver Head Alpha"	head	"Marathon Runner:1"	0	1	0
"Dober Head Alpha"	head	"Dragon Resistance:1,Free Elem/Ammo Up:1"	0	0	0
"Dober Head Beta"	head	"Free Elem/Ammo Up:1"	1	0	0
"Dodogama Head Alpha"	head	"Blast Resistance:2"	0	0	0
"Dodogama Head Beta"	head	"Blast Resistance:1"	1	0	0
"Dragonking Head Alpha"	head	"Weakness Exploit:2"	0	0	1
"Dragonseal Head Alpha"	head	"Elderseal Boost:1"	0	0	0
"Faux Felyne Head Alpha"	head	"Palico Rally:3"	0	0	0
"Gastodon Head Alpha"	head	"Blast Resistance:1,Flinch Free:1"	0	0	0
"Gastodon Head Beta"	head	"Flinch Free:1"	1	0	0
"Gastrodon Head Alpha"	head	"Blast Resistance:1,Flinch Free:1"	0	0	0
"Girros Head Alpha"	head	"Horn Maestro:1,Paralysis Resistance:1"	0	0	0
"Girros Head Beta"	head	"Horm Maestro:1"	1	0	0
"Guild Cross Head Alpha"	head	"Divine Blessing:1,Thunder Resistance:2"	1	0	0
"Guild Cross Head Beta"	head	"Divine Blessing:2"	3	0	0
"Harvest Alpha Head"	head	"Tremor Resistance:1"	1	1	0
"High Metal Head Alpha"	head	"Earplugs:1,Ice Resistance:2"	0	0	0
"High Metal Head Beta"	head	"Ice Resistance:2"	0	1	0
"Hornetaur Head Alpha"	head	"Dragon Attack:1,Dungmaster:1"	0	0	0
"Hornetaur Head Beta"	head	Dungmaster:1	1	0	0
"Hunter's Head Alpha"	head	"Scholar:1,Scoutfly Range Up:1"	0	0	0
"Hunter's Head Beta"	head	"Scoutfly Range Up:1"	1	0	0
"Ingot Head Alpha"	head	"Thunder Attack:2"	0	0	0
"Ingot Head Beta"	head	"Thunder Attack:1"	1	0	0
"Insect Head Alpha"	head	"Botanist:1,Evade Window:2"	0	0	0
"Insect Head Beta"	head	"Evade Window:2"	1	0	0
"Jagras Head Alpha"	head	"Speed Eating:2"	0	0	0
"Jagras Head Beta"	head	"Speed Eating:1"	1	0	0
"Jyura Head Alpha"	head	"Aquatic Expert:2"	0	0	0
"Jyura Head Beta"	head	"Aquatic Expert:1"	1	0	0
"Kadachi Head Alpha"	head	Constitution:2	0	0	0
"Kadachi Head Beta"	head	Constitution:1	0	1	0
"Kirin Head Alpha"	head	"Divine Blessing:1,Marathon Runner:2"	0	0	0
"Kirin Head Beta"	head	"Marathon Runner:2"	1	0	0
"Kirin Head Gamma"	head	"Blight Resistance:1,Thunder Attack:3"	0	1	0
"Kulu Head Alpha"	head	"Fire Resistance:1,Weakness Exploit:1"	0	0	0
"Kulu Head Beta"	head	"Fire Resistance:1"	2	0	0
"Kulu-Ya-Ku Head Alpha"	head	"Pro Transporter:1"	1	0	1
"Kulve Taroth Head Alpha"	head	"Agitator:2,Free Elem/Ammo Up:1"	1	0	0
"Kulve Taroth Head Beta"	head	"Agitator:1,Free Elem/Ammo Up:1"	1	1	0
"Kushala Head Alpha"	head	"Handicraft:1,Ice Attack:2"	0	0	0
"Kushala Head Beta"	head	"Ice Attack:2"	3	0	0
"Kushala Head Gamma"	head	Handicraft:2	0	1	0
"Lavasioth Head Alpha"	head	"Fire Attack:2,Quick Sheath:1"	0	0	0
"Lavasioth Head Beta"	head	"Fire Attack:1,Quick Sheath:1"	2	0	0
"Leather Head Alpha"	head	"Hunger Resistance:2"	0	0	0
"Leather Head Beta"	head	"Hunger Resistance:1"	1	0	0
"Legiana Head Alpha"	head	"Divine Blessing:2,Ice Attack:1"	0	0	0
"Legiana Head Beta"	head	"Divine Blessing:2"	1	0	0
"Lumu Head Alpha"	head	"Stamina Surge:2"	0	0	0
"Lumu Head Beta"	head	"Stamina Surge:1"	0	2	0
"Lunastra Head Alpha"	head	"Evade Extender:2,Tool Specialist:1"	1	0	1
"Lunastra Head Beta"	head	"Evade Extender:2"	0	1	1
"Mosswine Head Alpha"	head	Mushroomancer:2	0	0	0
"Nergigante Head Alpha"	head	"Attack Boost:1,Maximum Might:2"	1	0	0
"Nergigante Head Beta"	head	"Maximum Might:2"	2	0	0
"Odogaron Head Alpha"	head	"Bleeding Resistance:2,Critical Eye:1"	0	0	0
"Odogaron Head Beta"	head	"Bleeding Resistance:2"	0	1	0
"Pukei Head Alpha"	head	"Sporepuff Expert:2"	0	0	0
"Pukei Head Beta"	head	"Sporepuff Expert:1"	2	0	0
"Pulverizing Head Alpha"	head	Bombardier:3	0	0	0
"Rath Heart Head Alpha"	head	"Evade Extender:1,Poison Attack:1"	0	0	0
"Rath Heart Head Beta"	head	"Evade Extender:1"	0	1	0
"Rath Soul Head Alpha"	head	"Critical Boost:1,Intimidator:1"	0	0	0
"Rath Soul Head Beta"	head	"Critical Boost:1"	2	0	0
"Rathalos Head Alpha"	head	"Attack Boost:2,Fire Attack:1"	0	0	0
"Rathalos Head Beta"	head	"Attack Boost:2"	1	0	0
"Rathian Head Alpha"	head	"Health Boost:2,Poison Attack:1"	0	0	0
"Rathian Head Beta"	head	"Health Boost:1,Poison Attack:1"	1	0	0
"Sealed Head Alpha"	head	"Fire Resistance:1"	1	1	0
"Shadow Shades"	head	"Stun Resistance:1"	3	0	0
"Shamos Head Alpha"	head	Detector:1,Geologist:1	0	0	0
"Shamos Head Beta"	head	Detector:1	1	0	0
"Skull Head Alpha"	head	Handicraft:1	0	1	0
"Strategist Head Alpha"	head	"Critical Eye:2"	1	0	0
"Teostra Head Alpha"	head	"Latent Power:2"	0	0	0
"Teostra Head Beta"	head	"Latent Power:1"	0	1	0
"Teostra Head Gamma"	head	"Critical Eye:2"	0	2	0
"Tzitzi Head Alpha"	head	"Blindsider:1,Stun Resistance:1"	0	0	0
"Tzitzi Head Beta"	head	Blindsider:1	1	0	0
"Uragaan Head Alpha"	head	"Thunder Resistance:2"	0	0	1
"Uragaan Head Beta"	head	"Thunder Resistance:1"	1	0	1
"Vaal Hazak Head Alpha"	head	"Dragon Attack:2,Peak Performance:1"	0	0	0
"Vaal Hazak Head Beta"	head	"Peak Performance:1"	1	0	0
"Vaal Hazak Head Gamma"	head	"Dragon Attack:1,Recovery Up:2"	0	0	1
"Vangis Head Alpha"	head	"Handicraft:1,Partbreaker:1"	1	0	0
"Vangis Head Beta"	head	Partbreaker:1	1	0	1
"Vespoid Head Alpha"	head	"Paralysis Attack:1,Quick Sheath:1"	0	0	0
"Vespoid Head Beta"	head	"Quick Sheath:1"	1	0	0
"Wiggler Head Alpha"	head	Wide-Range:2	2	0	0
"Xeno'Jiiva Head Alpha"	head	"Flinch Free:1,Special Ammo Boost:1"	1	0	0
"Xeno'Jiiva Head Beta"	head	"Flinch Free:1"	0	1	0
"Zorah Head Alpha"	head	"Blast Attack:1,Handicraft:1"	0	0	0
"Zorah Head Beta"	head	Handicraft:1	1	0	0
"Alloy Arms Alpha"	arms	"Defense Boost:1,Speed Sharpening:1"	0	0	0
"Alloy Arms Beta"	arms	"Defense Boost:1"	1	0	0
"Anja Arms Alpha"	arms	"Fire Attack:1,Special Ammo Boost:1"	0	0	0
"Anja Arms Beta"	arms	"Special Ammo Boost:1"	1	0	0
"Azure Starlord Arms Alpha"	arms	"Recovery Up:2"	0	0	1
"Baan Arms Alpha"	arms	"Guard:1,Sleep Attack:2"	0	0	0
"Baan Arms Beta"	arms	"Guard:1,Sleep Attack:1"	1	0	0
"Barroth Arms Alpha"	arms	"Marathon Runner:1,Stamina Thief:1"	0	0	0
"Barroth Arms Beta"	arms	"Marathon Runner:1"	1	0	0
"Bazel Arms Alpha"	arms	"Critical Draw:2,Earplugs:1"	0	0	0
"Bazel Arms Beta"	arms	"Critical Draw:2"	0	0	1
"Behemoth Arms Alpha"	arms	"Attack Boost:1,Critical Eye:2"	0	2	0
"Blossom Arms Alpha"	arms	"Paralysis Resistance:1"	2	0	0
"Bone Arms Alpha"	arms	"Attack Boost:1,Slugger:1"	0	0	0
"Bone Arms Beta"	arms	Slugger:1	1	0	0
"Brigade Arms Alpha"	arms	"Divine Blessing:1,Heavy Artillery:2"	0	0	0
"Brigade Arms Beta"	arms	"Heavy Artillery:2"	1	0	0
"Chainmail Arms Alpha"	arms	"Recovery Speed:1"	0	0	0
"Chainmail Arms Beta"	arms		1	0	0
"Commission Arms Alpha"	arms	"Blindsider:1,Carving Pro:1"	1	0	0
"Commission Arms Beta"	arms	Blindsider:1	0	1	0
"Damascus Arms Alpha"	arms	"Handicraft:1,Speed Sharpening:1"	0	0	0
"Damascus Arms Beta"	arms	Handicraft:1	1	0	0
"Dante Arms Alpha"	arms	"Evade Window:1,Special Ammo Boost:1"	0	0	1
"Death Stench Arms Alpha"	arms	"Dragon Attack:1,Focus:2"	1	0	0
"Death Stench Arms Beta"	arms	Focus:2	2	0	0
"Diablos Arms Alpha"	arms	"Heroics:2,Tremor Resistance:1"	0	0	0
"Diablos Arms Beta"	arms	Heroics:2	0	1	0
"Diablos Nero Arms Alpha"	arms	"Focus:1,Marathon Runner:1"	0	0	0
"Diablos Nero Arms Beta"	arms	Focus:1	1	1	0
"Diver Arms Alpha"	arms	"Quick Sheath:1"	0	1	0
"Dober Arms Alpha"	arms	"Mushroomancer:1,Stamina Surge:2"	0	0	0
"Dober Arms Beta"	arms	"Mushroomancer:1,Stamina Surge:1"	2	0	0
"Dodogama Arms Alpha"	arms	Bombardier:2	0	0	0
"Dodogama Arms Beta"	arms	Bombardier:1	1	0	0
"Girros Arms Alpha"	arms	"Palico Rally:2"	0	0	0
"Girros Arms Beta"	arms	"Palico Rally:1"	1	0	0
"Guild Cross Arms Alpha"	arms	"Tool Specialist:1,Water Resistance:2"	1	0	0
"Guild Cross Arms Beta"	arms	"Tool Specialist:1"	0	0	1
"Harvest Alpha Arms"	arms	Resentment:1	1	1	0
"High Metal Arms Alpha"	arms	"Defense Boost:2,Ice Attack:1"	0	0	0
"High Metal Arms Beta"	arms	"Defense Boost:2"	1	0	0
"Hornetaur Arms Alpha"	arms	"Free Meal:1,Hunger Reisistance:1"	0	0	0
"Hornetaur Arms Beta"	arms	"Free Meal:1"	1	0	0
"Hunter's Arms Alpha"	arms	Stealth:2	0	0	0
"Hunter's Arms Beta"	arms	Stealh:1	1	0	0
"Ingot Arms Alpha"	arms	"Health Boost:2,Thunder Attack:1"	0	0	0
"Ingot Arms Beta"	arms	"Health Boost:2"	1	0	0
"Insect Arms Alpha"	arms	"Botanist:2,Leap of Faith:1"	0	0	0
"Insect Arms Beta"	arms	Botanist:2	1	1	0
"Jagras Arms Alpha"	arms	"Intimidator:1,Palico Rally:1"	0	0	0
"Jagras Arms Beta"	arms	"Palico Rally:1"	1	0	0
"Jyura Arms Alpha"	arms	"Aquatic Expert:1,Water Attack:2"	0	0	0
"Jyura Arms Beta"	arms	"Water Attack:2"	1	0	0
"Kadachi Arms Alpha"	arms	"Evade Extender:2"	0	0	0
"Kadachi Arms Beta"	arms	"Evade Extender:1"	0	1	0
"Kestodon Arms Alpha"	arms	"Affinity Sliding:1,Focus:1"	0	0	0
"Kestodon Arms Beta"	arms	"Affinity Sliding:1"	1	0	0
"Kirin Arms Alpha"	arms	"Marathon Runner:1,Thunder Attack:2"	0	0	0
"Kirin Arms Beta"	arms	"Thunder Attack:2"	2	0	0
"Kirin Arms Gamma"	arms	"Blight Resistance:1,Free Elem/Ammo Up:1"	0	2	0
"Kulu Arms Alpha"	arms	"Critical Eye:1,Pro Transporter:1"	0	0	0
"Kulu Arms Beta"	arms	"Pro Transporter:1"	0	1	0
"Kulve Taroth Arms Alpha"	arms	"Free Elem/Ammo Up:1,Power Prolonger:2"	1	0	0
"Kulve Taroth Arms Beta"	arms	"Free Elem/Ammo Up:1,Power Prolonger:1"	1	0	1
"Kushala Arms Alpha"	arms	"Evade Window:2,Handicraft:1"	0	0	0
"Kushala Arms Beta"	arms	"Evade Window:2"	0	0	1
"Kushala Arms Gamma"	arms	Focus:2	3	0	0
"Lavasioth Arms Alpha"	arms	"Affinity Sliding:1,Wide-Range:1"	0	1	0
"Lavasioth Arms Beta"	arms	"Affinity Sliding:1"	0	0	1
"Leather Arms Alpha"	arms	"Recovery Speed:1"	0	0	0
"Leather Arms Beta"	arms		1	0	0
"Legiana Arms Alpha"	arms	"Airborne:1,Evade Window:1"	0	0	0
"Legiana Arms Beta"	arms	Airborne:1	0	0	1
"Lumu Arms Alpha"	arms	Artillery:2	0	0	0
"Lumu Arms Beta"	arms	Artillery:1	1	0	0
"Lunastra Arms Alpha"	arms	"Blast Attack:2,Wide-Range:2"	0	0	1
"Lunastra Arms Beta"	arms	Wide-Range:2	0	1	1
"Nergigante Arms Alpha"	arms	"Agitator:2,Attack Boost:1"	0	0	0
"Nergigante Arms Beta"	arms	Agitator:2	1	0	0
"Odogaron Arms Alpha"	arms	"Constitution:1,Critical Eye:1"	0	0	0
"Odogaron Arms Beta"	arms	Constitution:1	1	0	0
"Pukei Arms Alpha"	arms	"Poison Attack:1,Poison Resistance:2"	0	0	0
"Pukei Arms Beta"	arms	"Poison Resistance:1"	2	0	0
"Rath Heart Arms Alpha"	arms	Windproof:2	0	0	0
"Rath Heart Arms Beta"	arms	Windproof:1	0	1	0
"Rath Soul Arms Alpha"	arms	Focus:1,Windproof:1	0	0	0
"Rath Soul Arms Beta"	arms	Focus:1	0	1	0
"Rathalos Arms Alpha"	arms	"Attack Boost:1,Fire Resistance:2"	0	0	0
"Rathalos Arms Beta"	arms	"Fire Resistance:2"	1	0	0
"Rathian Arms Alpha"	arms	"Poison Attack:2"	0	0	0
"Rathian Arms Beta"	arms	"Poison Attack:1"	1	0	0
"Teostra Arms Alpha"	arms	"Weakness Exploit:2"	1	0	0
"Teostra Arms Beta"	arms	"Weakness Exploit:1"	0	0	1
"Teostra Arms Gamma"	arms	"Critical Eye:3"	0	0	1
"Tzitzi Arms Alpha"	arms	"Stun Resistance:2,Wide-Range:1"	0	0	0
"Tzitzi Arms Beta"	arms	"Stun Resistance:2"	1	0	0
"Uragaan Arms Alpha"	arms	"Defense Boost:1,Guard:1"	1	0	0
"Uragaan Arms Beta"	arms	Guard:1	0	1	0
"Vaal Hazak Arms Alpha"	arms	"Peak Performance:1,Recovery Speed:1"	1	0	0
"Vaal Hazak Arms Beta"	arms	"Peak Performance:1"	3	0	0
"Vaal Hazak Arms Gamma"	arms	"Dragon Attack:3"	0	1	1
"Vangis Arms Alpha"	arms	"Latent Power:2,Partbreaker:1"	0	0	0
"Vangis Arms Beta"	arms	"Latent Power:2"	0	1	0
"Vespoid Arms Alpha"	arms	"Paralysis Attack:2"	0	0	0
"Vespoid Arms Beta"	arms	"Paralysis Attack:1"	1	0	0
"Xeno'Jiiva Arms Alpha"	arms	"Critical Boost:1,Flinch Free:1"	1	0	0
"Xeno'Jiiva Arms Beta"	arms	"Flinch Free:1"	0	0	1
"Zorah Arms Alpha"	arms	"Bombardier:1,Free Elem/Ammo Up:1"	0	0	0
"Zorah Arms Beta"	arms	"Free Elem/Ammo Up:1"	1	0	0
"Alloy Body Alpha"	body	"Water Resistance:2"	0	0	0
"Alloy Body Beta"	body	"Water Resistance:1"	1	0	0
"Anja Body Alpha"	body	"Marathon Runner:1,Special Ammo Boost:1"	0	0	0
"Anja Body Beta"	body	"Marathon Runner:1"	2	0	0
"Azure Starlord Body Alpha"	body	Handicraft:1	0	1	0
"Baan Body Alpha"	body	"Bleeding Resistance:1,Sleep Attack:1"	0	0	0
"Baan Body Beta"	body	"Sleep Attack:1"	1	0	0
"Barnos Body Alpha"	body	"Heat Guard:1,Iron Skin:1"	0	0	0
"Barnos Body Beta"	body	"Heat Guard:1"	1	0	0
"Barroth Body Alpha"	body	"Stamina Thief:2"	0	0	0
"Barroth Body Beta"	body	"Stamina Thief:1"	1	0	0
"Bazel Body Alpha"	body	"Blast Resistance:2,Guard:2"	0	0	0
"Bazel Body Beta"	body	Guard:2	2	0	0
"Behemoth Body Alpha"	body	"Critical Boost:1,Critical Eye:2"	0	0	1
"Blossom Body Alpha"	body	"Quick Sheath:1"	2	0	0
"Bone Body Alpha"	body	"Attack Boost:2"	0	0	0
"Bone Body Beta"	body	"Attack Boost:1"	1	0	0
"Brigade Body Alpha"	body	"Divine Blessing:2"	0	1	0
"Brigade Body Beta"	body	"Divine Blessing:1"	0	2	0
"Chainmail Body Alpha"	body	"Water Resistance:1"	0	0	0
"Chainmail Body Beta"	body		1	0	0
"Commission Body Alpha"	body	"Cliffhanger:1,Wide-Range:2"	0	0	0
"Commission Body Beta"	body	Wide-Range:2	1	0	0
"Damascus Body Alpha"	body	"Defense Boost:2,Focus:2"	1	0	0
"Damascus Body Beta"	body	Focus:2	3	0	0
"Dante Body Alpha"	body	"Critical Eye:1,Evade Window:1"	0	0	1
"Death Stench Body Alpha"	body	"Fortify:1,Free Elem/Ammo Up:1"	0	0	0
"Death Stench Body Beta"	body	Fortify:1	0	0	1
"Diablos Body Alpha"	body	Heroics:1,Slugger:2	0	0	0
"Diablos Body Beta"	body	Slugger:2	0	1	0
"Diablos Nero Body Alpha"	body	Resentment:2	1	0	0
"Diablos Nero Body Beta"	body	Resentment:1	1	1	0
"Diver Body Alpha"	body	"Critical Eye:1"	0	1	0
"Dober Body Alpha"	body	"Attack Boost:2,Mushroomancer:1"	1	0	0
"Dober Body Beta"	body	"Attack Boost:2"	0	1	0
"Dodogama Body Alpha"	body	"Blast Attack:2"	0	0	0
"Dodogama Body Beta"	body	"Blast Attack:1"	1	0	0
"Girros Body Alpha"	body	"Paralysis Resistance:2"	0	0	0
"Girros Body Beta"	body	"Paralysis Resistance:1"	1	0	0
"Guild Cross Body Alpha"	body	"Ice Resistance:2,Resuscitate:1"	1	0	0
"Guild Cross Body Beta"	body	Resuscitate:1	0	0	1
"Harvest Alpha Body"	body	Focus:1	1	1	0
"High Metal Body Alpha"	body	"Earplugs:2,Ice Attack:1"	0	0	0
"High Metal Body Beta"	body	"Earplugs:1,Ice Attack:1"	0	1	0
"Hornetaur Body Alpha"	body	"Effluvial Expert:1,Hunger Resistance:1"	0	0	0
"Hornetaur Body Beta"	body	"Effluvial Expert:1"	1	0	0
"Hunter's Body Alpha"	body	"Slinger Capacity:2"	0	0	0
"Hunter's Body Beta"	body	"Slinger Capacity:1"	1	0	0
"Ingot Body Alpha"	body	"Thunder Resistance:2"	0	0	0
"Ingot Body Beta"	body	"Thunder Resistance:1"	1	0	0
"Insect Body Alpha"	body	"Botanist:1,Quick Sheath:2"	0	0	0
"Insect Body Beta"	body	"Quick Sheath:2"	1	0	0
"Jagras Body Alpha"	body	Intimidator:2	0	0	0
"Jagras Body Beta"	body	Intimidator:1	1	0	0
"Jyura Body Alpha"	body	"Muck Resistance:1,Water Attack:1"	0	0	0
"Jyura Body Beta"	body	"Muck Resistance:1"	1	0	0
"Kadachi Body Alpha"	body	"Evade Extender:1,Jump Master:1"	0	0	0
"Kadachi Body Beta"	body	"Jump Master:1"	0	1	0
"Kirin Body Alpha"	body	"Divine Blessing:2,Thunder Attack:1"	0	0	0
"Kirin Body Beta"	body	"Divine Blessing:2"	1	0	0
"Kirin Body Gamma"	body	"Free Elem/Ammo Up:2"	2	0	0
"Kulu Body Alpha"	body	"Critical Eye:1,Stamina Surge:1"	0	0	0
"Kulu Body Beta"	body	"Stamina Surge:1"	1	0	0
"Kulve Taroth Body Alpha"	body	"Critical Boost:2,Stun Resistance:2"	1	0	0
"Kulve Taroth Body Beta"	body	"Critical Boost:1,Stun Resistance:2"	1	0	1
"Kushala Body Alpha"	body	Focus:1,Handicraft:2	0	0	0
"Kushala Body Beta"	body	Handicraft:2	0	1	0
"Kushala Body Gamma"	body	"Evade Extender:1,Ice Attack:3"	0	1	0
"Lavasioth Body Alpha"	body	"Fire Attack:2,Heat Guard:1"	0	0	0
"Lavasioth Body Beta"	body	"Fire Attack:2"	2	0	0
"Leather Body Alpha"	body	"Fire Resistance:1"	0	0	0
"Leather Body Beta"	body		1	0	0
"Legiana Body Alpha"	body	"Divine Blessing:1,Evade Window:2"	0	0	0
"Legiana Body Beta"	body	"Evade Window:2"	1	0	0
"Lumu Body Alpha"	body	"Artillery:1,Master Mounter:1"	0	0	0
"Lumu Body Beta"	body	"Master Mounter:1"	1	0	0
"Lunastra Body Alpha"	body	"Health Boost:1,Peak Performance:2"	2	0	0
"Lunastra Body Beta"	body	"Peak Performance:2"	3	0	0
"Nergigante Body Alpha"	body	"Agitator:1,Stamina Surge:2"	1	0	0
"Nergigante Body Beta"	body	"Stamina Surge:2"	1	1	0
"Odogaron Body Alpha"	body	"Bleeding Resistance:1,Speed Sharpening:2"	0	0	0
"Odogaron Body Beta"	body	"Speed Sharpening:2"	1	0	0
"Pukei Body Alpha"	body	"Botanist:1,Item Prolonger:1"	0	0	0
"Pukei Body Beta"	body	"Item Prolonger:1"	1	0	0
"Rath Heart Body Alpha"	body	"Tool Specialist:2"	0	0	0
"Rath Heart Body Beta"	body	"Tool Specialist:1"	2	0	0
"Rath Soul Body Alpha"	body	"Free Elem/Ammo Up:1,Intimidator:1"	1	0	0
"Rath Soul Body Beta"	body	"Free Elem/Ammo Up:1"	0	1	0
"Rathalos Body Alpha"	body	"Fire Attack:1,Weakness Exploit:2"	0	0	0
"Rathalos Body Beta"	body	"Weakness Exploit:2"	1	0	0
"Rathian Body Alpha"	body	"Botanist:2,Recovery Up:1"	0	0	0
"Rathian Body Beta"	body	"Botanist:1,Recovery Up:1"	1	0	0
"Teostra Body Alpha"	body	"Latent Power:1,Special Ammo Boost:2"	0	0	0
"Teostra Body Beta"	body	"Special Ammo Boost:2"	2	0	0
"Teostra Body Gamma"	body	"Latent Power:2,Weakness Exploit:1"	0	1	0
"Tzitzi Body Alpha"	body	"Constitution:1,Water Attack:2"	0	0	0
"Tzitzi Body Beta"	body	Constitution:1	2	0	0
"Uragaan Body Alpha"	body	Partbreaker:2	1	0	0
"Uragaan Body Beta"	body	Partbreaker:1	0	0	1
"Vaal Hazak Body Alpha"	body	"Dragon Attack:1,Recovery Speed:2"	1	0	0
"Vaal Hazak Body Beta"	body	"Recovery Speed:2"	2	0	0
"Vaal Hazak Body Gamma"	body	"Peak Performance:1,Recovery Up:1"	0	0	1
"Vangis Body Alpha"	body	"Handicraft:1,Speed Eating:1"	0	1	0
"Vangis Body Beta"	body	"Speed Eating:1"	0	0	1
"Vespoid Body Alpha"	body	Windproof:1	0	0	0
"Vespoid Body Beta"	body	Windproof:1	1	0	0
"Xeno'Jiiva Body Alpha"	body	"Blight Resistance:1,Power Prolonger:2"	1	0	0
"Xeno'Jiiva Body Beta"	body	"Power Prolonger:2"	2	0	0
"Zorah Body Alpha"	body	"Blast Attack:2,Windproof:1"	0	0	0
"Zorah Body Beta"	body	"Blast Attack:2"	0	1	0
"Alloy Waist Alpha"	waist	"Poison Resistance:1,Water Resistance:1"	0	0	0
"Alloy Waist Beta"	waist	"Poison Resistance:1"	1	0	0
"Anja Waist Alpha"	waist	"Artillery:1,Fire Resistance:2"	0	0	0
"Anja Waist Beta"	waist	"Fire Resistance:2"	0	1	0
"Azure Starlord Waist Alpha"	waist	Handicraft:1	0	1	0
"Baan Waist Alpha"	waist	Guard:2	0	0	0
"Baan Waist Beta"	waist	Guard:1	0	1	0
"Barroth Waist Alpha"	waist	"Guard:1,Muck Resistance:1"	0	0	0
"Barroth Waist Beta"	waist	"Muck Resistance:1"	0	1	0
"Bazel Waist Alpha"	waist	"Earplugs:2,Jump Master:1"	1	0	0
"Bazel Waist Beta"	waist	Earplugs:2	0	0	1
"Behemoth Waist Alpha"	waist	"Critical Eye:2,Power Prolonger:1"	0	0	1
"Blossom Waist Alpha"	waist	"Scoutfly Range Up:1"	2	0	0
"Bone Waist Alpha"	waist	"Horn Maestro:1,Master Fisher:1"	0	0	0
"Bone Waist Beta"	waist	"Horn Maestro:1"	1	0	0
"Brigade Waist Alpha"	waist	"Geologist:2,Recovery Speed:1"	0	0	0
"Brigade Waist Beta"	waist	Geologist:2	1	0	0
"Chainmail Waist Alpha"	waist	"Quick Sheath:1"	0	0	0
"Chainmail Waist Beta"	waist		1	0	0
"Commission Waist Alpha"	waist	"Mushroomancer:1,Pro Transporter:1"	1	0	0
"Commission Waist Beta"	waist	Mushroomancer:1	0	1	0
"Damascus Waist Alpha"	waist	"Focus:1,Iron Skin:2"	1	0	0
"Damascus Waist Beta"	waist	Focus:1	3	0	0
"Dante Waist Alpha"	waist	"Evade Window:1,Latent Power:1"	0	0	1
"Death Stench Waist Alpha"	waist	"Dragon Attack:1,Focus:1"	0	0	0
"Death Stench Waist Beta"	waist	"Dragon Attack:2"	2	0	0
"Diablos Nero Waist Alpha"	waist	"Partbreaker:1,Resentment:1"	0	0	0
"Diablos Nero Waist Beta"	waist	Resentment:1	0	1	0
"Diablos Waist Alpha"	waist	"Critical Draw:1,Marathon Runner:1"	0	0	0
"Diablos Waist Beta"	waist	"Marathon Runner:2"	0	1	0
"Diver Waist Alpha"	waist	"Aquatic Expert:1"	0	1	0
"Dober Waist Alpha"	waist	"Attack Boost:1,Dragon Resistance:1"	0	1	0
"Dober Waist Beta"	waist	"Dragon Resistance:2"	0	0	1
"Dodogama Waist Alpha"	waist	"Artillery:2,Blast Resistance:1"	0	0	0
"Dodogama Waist Beta"	waist	Artillery:2	1	0	0
"Girros Waist Alpha"	waist	"Effluvial Expert:1,Paralysis Attack:1"	0	0	0
"Girros Waist Beta"	waist	"Effluvial Expert:1"	1	0	0
"Guild Cross Waist Alpha"	waist	"Dragon Resistance:2,Fortify:1"	1	0	0
"Guild Cross Waist Beta"	waist	Fortify:1	3	0	0
"Harvest Alpha Waist"	waist	Constitution:1	1	1	0
"High Metal Waist Alpha"	waist	"Capacity Boost:1,Defense Boost:1"	0	0	0
"High Metal Waist Beta"	waist	"Capacity Boost:1"	1	0	0
"Hornetaur Waist Aplha"	waist	"Carving Pro:1,Hunger Resistance:1"	0	0	0
"Hornetaur Waist Beta"	waist	"Carving Pro:1"	1	0	0
"Hunter's Waist Alpha"	waist	"Master Gatherer:1,Stealth:1"	0	0	0
"Hunter's Waist Beta"	waist	"Master Gatherer:1"	1	0	0
"Ingot Waist Alpha"	waist	Windproof:2	0	0	0
"Ingot Waist Beta"	waist	Windproof:1	0	0	1
"Insect Waist Alpha"	waist	"Honey Hunter:1,Quick Sheath:1"	0	0	0
"Insect Waist Beta"	waist	"Honey Hunter:1"	1	1	0
"Jagras Waist Alpha"	waist	"Fortify:1,Speed Eating:1"	0	0	0
"Jagras Waist Beta"	waist	Fortify:1	1	0	0
"Jyura Waist Alpha"	waist	"Ice Resistance:2"	0	0	0
"Jyura Waist Beta"	waist	"Ice Resistance:1"	1	0	0
"Kadachi Waist Alpha"	waist	"Thunder Attack:2,Thunder Resistance:1"	0	0	0
"Kadachi Waist Beta"	waist	"Thunder Attack:1"	2	0	0
"Kirin Waist Alpha"	waist	"Blight Resistance:1,Free Elem/Ammo Up:1"	0	0	0
"Kirin Waist Beta"	waist	"Blight Resistance:1"	3	0	0
"Kirin Waist Gamma"	waist	"Marathon Runner:2"	2	0	0
"Kulu Waist Alpha"	waist	"Item Prolonger:2"	0	0	0
"Kulu Waist Beta"	waist	"Item Prolonger:1"	0	1	0
"Kulve Taroth Waist Alpha"	waist	"Free Elem/Ammo Up:1,Handicraft:2"	1	0	0
"Kulve Taroth Waist Beta"	waist	"Free Elem/Ammo Up:1,Handicraft:1"	1	0	1
"Kushala Waist Alpha"	waist	"Evade Extender:1,Ice Attack:2"	0	0	0
"Kushala Waist Beta"	waist	"Ice Attack:2"	2	0	0
"Kushala Waist Gamma"	waist	Handicraft:2	2	0	0
"Lavasioth Waist Alpha"	waist	"Quick Sheath:2,Recovery Up:1"	0	0	0
"Lavasioth Waist Beta"	waist	"Quick Sheath:2"	1	0	0
"Leather Waist Alpha"	waist	"Stamina Surge:1"	0	0	0
"Leather Waist Beta"	waist		1	0	0
"Legiana Waist Alpha"	waist	"Ice Attack:2,Windproof:1"	0	0	0
"Legiana Waist Beta"	waist	"Ice Attack:2"	0	1	0
"Lumu Waist Alpha"	waist	"Divine Blessing:2"	0	0	0
"Lumu Waist Beta"	waist	"Divine Blessing:1"	1	0	0
"Lunastra Waist Alpha"	waist	"Blast Attack:1,Tool Specialist:2"	1	0	1
"Lunastra Waist Beta"	waist	"Tool Specialist:2"	0	2	0
"Nergigante Waist Alpha"	waist	"Attack Boost:2,Stamina Surge:1"	0	0	0
"Nergigante Waist Beta"	waist	"Attack Boost:2"	0	1	0
"Odogaron Waist Alpha"	waist	"Critical Eye:2,Speed Sharpening:1"	0	0	0
"Odogaron Waist Beta"	waist	"Critical Eye:2"	0	1	0
"Pukei Waist Alpha"	waist	"Poison Attack:2"	0	0	0
"Pukei Waist Beta"	waist	"Poison Attack:1"	1	0	0
"Rath Heart Waist Alpha"	waist	"Handicraft:1,Poison Resistance:1"	0	0	0
"Rath Heart Waist Beta"	waist	Handicraft:1	1	0	0
"Rath Soul Waist Alpha"	waist	"Piercing Shots:1,Windproof:2"	0	0	0
"Rath Soul Waist Beta"	waist	Windproof:1	0	0	1
"Rathalos Waist Alpha"	waist	"Fire Attack:2,Focus:1"	0	0	0
"Rathalos Waist Beta"	waist	"Fire Attack:2"	0	1	0
"Rathian Waist Alpha"	waist	"Health Boost:1,Poison Resistance:2"	0	0	0
"Rathian Waist Beta"	waist	"Health Boost:1,Poison Resistance:1"	1	0	0
"Teostra Waist Alpha"	waist	"Blast Attack:1,Weakness Exploit:1"	0	0	0
"Teostra Waist Beta"	waist	"Blast Attack:2"	0	1	0
"Teostra Waist Gamma"	waist	"Latent Power:3"	2	0	0
"Tzitzi Waist Alpha"	waist	"Water Attack:1,Wide-Range:2"	0	0	0
"Tzitzi Waist Beta"	waist	Wide-Range:1	0	1	0
"Uragaan Waist Alpha"	waist	"Partbreaker:1,Thunder Resistance:1"	2	0	0
"Uragaan Waist Beta"	waist	Partbreaker:1	1	1	0
"Vaal Hazak Waist Alpha"	waist	"Effluvia Resistance:1,Peak Performance:1"	1	0	0
"Vaal Hazak Waist Beta"	waist	"Peak Performance:1"	2	0	0
"Vaal Hazak Waist Gamma"	waist	"Dragon Attack:1,Recovery Speed:2"	2	1	0
"Vangis Waist Alpha"	waist	"Handicraft:1,Latent Power:1"	1	0	0
"Vangis Waist Beta"	waist	"Latent Power:1"	1	0	1
"Vespoid Waist Alpha"	waist	"Paralysis Resistance:2"	0	0	0
"Vespoid Waist Beta"	waist	"Paralysis Resistance:1"	1	0	0
"Xeno'Jiiva Waist Alpha"	waist	"Blight Resistance:2,Special Ammo Boost:1"	0	0	1
"Xeno'Jiiva Waist Beta"	waist	"Blight Resistance:2"	1	1	0
"Zorah Waist Alpha"	waist	"Fortify:1,Tremor Resistance:1"	0	0	0
"Zorah Waist Beta"	waist	Fortify:1	0	1	0
"Alloy Legs Alpha"	legs	"Speed Sharpening:2"	0	0	0
"Alloy Legs Beta"	legs	"Speed Sharpening:1"	1	0	0
"Anja Legs Alpha"	legs	Artillery:2	0	0	0
"Anja Legs Beta"	legs	Artillery:1	1	0	0
"Azure Starlord Legs Alpha"	legs	"Critical Boost:1"	0	0	1
"Baan Legs Alpha"	legs	"Bleeding Resistance:2"	0	0	0
"Baan Legs Beta"	legs	"Bleeding Resistance:1"	1	0	0
"Barroth Legs Alpha"	legs	"Marathon Runner:1,Stun Resistance:2"	0	0	0
"Barroth Legs Beta"	legs	"Stun Resistance:1"	1	1	0
"Bazel Legs Alpha"	legs	"Bombardier:2,Critical Draw:1"	1	0	0
"Bazel Legs Beta"	legs	Bombardier:2	0	0	1
"Behemoth Legs Alpha"	legs	"Attack Boost:2,Critical Boost:1"	0	1	0
"Blossom Legs Alpha"	legs	"Recovery Speed:1"	2	0	0
"Bone Legs Alphs"	legs	Entomologist:2	0	0	0
"Bone Legs Beta"	legs	Entomologist:1	1	0	0
"Brigade Legs Alpha"	legs	Geologist:1,Scholar:1	1	0	0
"Brigade Legs Beta"	legs	Scholar:1	0	0	1
"Chainmail Legs Alpha"	legs	"Recovery Up:1"	0	0	0
"Chainmail Legs Beta"	legs		1	0	0
"Comission Legs Alpha"	legs	"Affinity Sliding:1,Stealth:2"	0	0	0
"Commission Legs Alpha"	legs	"Affinity Sliding:1,Stealth:2"	0	0	0
"Commission Legs Beta"	legs	Stealth:2	0	1	0
"Damascus Legs Alpha"	legs	"Defense Boost:2,Iron Skin:1"	1	0	0
"Damascus Legs Beta"	legs	"Defense Boost:2"	0	0	1
"Dante Legs Alpha"	legs	"Weakness Exploit:2"	2	0	0
"Death Stench Legs Alpha"	legs	"Dragon Attack:2,Handicraft:2"	0	0	0
"Death Stench Legs Beta"	legs	Handicraft:2	2	0	0
"Diablos Legs Alpha"	legs	"Slugger:1,Tremor Resistance:2"	0	0	0
"Diablos Legs Beta"	legs	"Tremor Resistance:2"	2	0	0
"Diablos Nero Legs Alpha"	legs	"Heroics:1,Normal Shots:1"	1	0	0
"Diablos Nero Legs Beta"	legs	"Normal Shots:1"	0	1	0
"Diver Legs Alpha"	legs	"Hunger Resistance:1"	0	1	0
"Dober Legs Alpha"	legs	"Attack Boost:2,Stamina Surge:1"	0	0	0
"Dober Legs Beta"	legs	"Attack Boost:2"	1	0	0
"Dodogama Legs Alpha"	legs	"Blast Attack:1,Capacity Boost:1"	0	0	0
"Dodogama Legs Beta"	legs	"Capacity Boost:1"	1	0	0
"Gajau Legs Alpha"	legs	"Aquatic Expert:2,Water Attack:1"	0	0	0
"Gajau Legs Beta"	legs	"Aquatic Expert:1,Water Attack:1"	1	0	0
"Girros Legs Alpha"	legs	"Paralysis Attack:2"	0	0	0
"Girros Legs Beta"	legs	"Paralysis Attack:1"	1	0	0
"Guild Cross Legs Alpha"	legs	"Airborne:1,Fire Resistance:2"	0	0	0
"Guild Cross Legs Beta"	legs	Airborne:1	0	0	1
"Harvest Alpha Legs"	legs	Mushroomancer:1	1	1	0
"High Metal Legs Alpha"	legs	"Heavy Artillery:1,Ice Resistance:1"	0	0	0
"High Metal Legs Beta"	legs	"Heavy Artillery:1"	1	0	0
"Hornetaur Legs Alpha"	legs	"Dragon Attack:1,Handicraft:1"	0	0	0
"Hornetaur Legs Beta"	legs	Handicraft:1	1	0	0
"Hunter's Legs Alpha"	legs	"Scenthound:1,Slinger Capacity:1"	0	0	0
"Hunter's Legs Beta"	legs	Scenthound:1	1	0	0
"Ingot Legs Alpha"	legs	"Defense Boost:2,Windproof:1"	0	0	0
"Ingot Legs Beta"	legs	"Defense Boost:2"	0	1	0
"Insect Legs Alpha"	legs	"Evade Window:1,Forager's Luck:1"	0	0	0
"Insect Legs Beta"	legs	"Forager's Luck:1"	1	1	0
"Jagras Legs Alpha"	legs	"Free Meal:1,Speed Crawler:1"	0	0	0
"Jagras Legs Beta"	legs	"Speed Crawler:1"	1	0	0
"Jyura Legs Alpha"	legs	Focus:2	0	0	0
"Jyura Legs Beta"	legs	Focus:1	0	1	0
"Kadachi Legs Alpha"	legs	"Constitution:1,Thunder Resistance:2"	0	0	0
"Kadachi Legs Beta"	legs	"Thunder Resistance:1"	2	0	0
"Kirin Legs Alpha"	legs	"Free Elem/Ammo Up:2,Thunder Resistance:2"	0	0	0
"Kirin Legs Beta"	legs	"Free Elem/Ammo Up:2"	2	0	0
"Kirin Legs Gamma"	legs	"Blight Resistance:1,Thunder Attack:2"	0	0	1
"Kulu Legs Alpha"	legs	"Critical Eye:1,Item Prolonger:1"	0	0	0
"Kulu Legs Beta"	legs	"Critical Eye:1"	1	0	0
"Kulve Taroth Legs Alpha"	legs	"Peak Performance:2,Wide-Range:2"	1	0	0
"Kulve Taroth Legs Beta"	legs	"Peak Performance:1,Wide-Range:2"	1	1	0
"Kushala Legs Alpha"	legs	"Evade Extender:2,Handicraft:1"	0	0	0
"Kushala Legs Beta"	legs	"Evade Extender:2"	0	0	1
"Kushala Legs Gamma"	legs	"Evade Window:2"	0	0	1
"Lavasioth Legs Alpha"	legs	"Fire Attack:1,Spread/Power Shots:1"	1	0	0
"Lavasioth Legs Beta"	legs	"Spread/Power Shots:1"	0	1	0
"Leather Legs Alpha"	legs	Cliffhanger:1	0	0	0
"Leather Legs Beta"	legs		1	0	0
"Legiana Legs Alpha"	legs	"Critical Draw:1,Ice Resistance:2"	0	0	0
"Legiana Legs Beta"	legs	"Ice Resistance:2"	0	0	1
"Lumu Legs Alpha"	legs	"Stamina Surge:1,Windproof:1"	0	0	0
"Lumu Legs Beta"	legs	Windproof:1	2	0	0
"Lunastra Legs Alpha"	legs	"Health Boost:2,Wide Range:2"	1	1	0
"Lunastra Legs Beta"	legs	"Health Boost:2"	0	2	0
"Nergigante Legs Alpha"	legs	"Agitator:1,Maximum Might:1"	1	0	0
"Nergigante Legs Beta"	legs	"Maximum Might:1"	0	1	0
"Odogaron Legs Alpha"	legs	"Critical Eye:1,Quick Sheath:1"	0	0	0
"Odogaron Legs Beta"	legs	"Quick Sheath:1"	1	0	0
"Pukei Legs Alpha"	legs	"Botanist:2,Sporepuff Expert:1"	0	0	0
"Pukei Legs Beta"	legs	Botanist:1	0	1	0
"Rath Heart Legs Alpha"	legs	"Tool Specialist:1,Windproof:1"	0	0	0
"Rath Heart Legs Beta"	legs	"Tool Specialist:1"	0	1	0
"Rath Soul Legs Alpha"	legs	Cliffhanger:1,Focus:1	0	0	0
"Rath Soul Legs Beta"	legs	Focus:1	1	0	0
"Rathalos Legs Alpha"	legs	"Jump Master:1,Weakness Exploit:1"	0	0	0
"Rathalos Legs Beta"	legs	"Jump Master:1"	0	0	1
"Rathian Legs Alpha"	legs	"Recovery Up:2"	0	0	0
"Rathian Legs Beta"	legs	"Recovery Up:1"	1	0	0
"Teostra Legs Alpha"	legs	"Blast Attack:1,Latent Power:2"	0	0	0
"Teostra Legs Beta"	legs	"Latent Power:2"	1	0	0
"Teostra Legs Gamma"	legs	"Critical Eye:2"	1	0	1
"Tzitzi Legs Alpha"	legs	"Sleep Resistance:2"	0	0	0
"Tzitzi Legs Beta"	legs	"Sleep Resistance:1"	1	0	0
"Uragaan Legs Alpha"	legs	Guard:2	1	0	0
"Uragaan Legs Beta"	legs	Guard:1	0	0	1
"Vaal Hazak Legs Alpha"	legs	"Dragon Attack:1,Effluvia Resistance:2"	1	0	0
"Vaal Hazak Legs Beta"	legs	"Effluvia Resistance:2"	2	0	0
"Vaal Hazak Legs Gamma"	legs	"Peak Performance:1,Recovery Up:1"	1	0	1
"Vangis Legs Alpha"	legs	"Partbreaker:1,Speed Eating:2"	0	0	0
"Vangis Legs Beta"	legs	"Speed Eating:2"	2	0	0
"Vespoid Legs Alpha"	legs	"Honey Hunter:1,Paralysis Resistance:1"	0	0	0
"Vespoid Legs Beta"	legs	"Honey Hunter:1"	1	0	0
"Xeno'Jiiva Legs Alpha"	legs	"Flinch Free:1,Power Prolonger:1"	1	0	0
"Xeno'Jiiva Legs Beta"	legs	"Flinch Free:1"	2	0	0
"Zorah Legs Alpha"	legs	Bombardier:2,Earplugs:1	0	0	0
"Zorah Legs Beta"	legs	Bombardier:2	0	1	0
"Artillery Charm I"	charm	Artillery:1	0	0	0
"Artillery Charm II"	charm	Artillery:2	0	0	0
"Artillery Charm III"	charm	Artillery:3	0	0	0
"Attack Charm I"	charm	"Attack Boost:1"	0	0	0
"Attack Charm II"	charm	"Attack Boost:2"	0	0	0
"Attack Charm III"	charm	"Attack Boost:3"	0	0	0
"Awakening Charm I"	charm	"Free Elem/Ammo Up:1"	0	0	0
"Awakening Charm II"	charm	"Free Elem/Ammo Up:2"	0	0	0
"Blast Charm I"	charm	"Blast Resistance:1"	0	0	0
"Blast Charm II"	charm	"Blast Resistance:2"	0	0	0
"Blast Charm III"	charm	"Blast Resistance:3"	0	0	0
"Blast Coating Charm"	charm	"Blast Functionality:1"	0	0	0
"Blaze Charm I"	charm	"Fire Attack:1"	0	0	0
"Blaze Charm II"	charm	"Fire Attack:2"	0	0	0
"Blaze Charm III"	charm	"Fire Attack:3"	0	0	0
"Bleed Charm I"	charm	"Bleeding Resistance:1"	0	0	0
"Bleed Charm II"	charm	"Bleeding Resistance:2"	0	0	0
"Bleed Charm III"	charm	"Bleeding Resistance:3"	0	0	0
"Blessing Charm I"	charm	"Divine Blessing:1"	0	0	0
"Blessing Charm II"	charm	"Divine Blessing:2"	0	0	0
"Blessing Charm III"	charm	"Divine Blessing:3"	0	0	0
"Blight Charm I"	charm	"Blight Resistance:1"	0	0	0
"Blight Charm II"	charm	"Blight Resistance:2"	0	0	0
"Blight Charm III"	charm	"Blight Resistance:3"	0	0	0
"Bombardier Charm I"	charm	Bombardier:1	0	0	0
"Bombardier Charm II"	charm	Bombardier:2	0	0	0
"Bombardier Charm III"	charm	Bombardier:3	0	0	0
"Botany Charm I"	charm	Botanist:1	0	0	0
"Botany Charm II"	charm	Botanist:2	0	0	0
"Botany Charm III"	charm	Botanist:3	0	0	0
"Breaker Charm I"	charm	Partbreaker:1	0	0	0
"Breaker Charm II"	charm	Partbreaker:2	0	0	0
"Bulwark Charm"	charm	"Guard Up:1,Resuscitate:1"	0	0	0
"Capacity Charm"	charm	"Capacity Boost:1"	0	0	0
"Challenger Charm I"	charm	Agitator:1	0	0	0
"Challenger Charm II"	charm	Agitator:2	0	0	0
"Clearmind Charm"	charm	"Effluvial Expert:1,Heat Guard:1"	0	0	0
"Critical Charm I"	charm	"Critical Boost:1"	0	0	0
"Defense Charm I"	charm	"Defense Boost:1"	0	0	0
"Defense Charm II"	charm	"Defense Boost:2"	0	0	0
"Defense Charm III"	charm	"Defense Boost:3"	0	0	0
"Demolition Charm I"	charm	"Blast Attack:1"	0	0	0
"Demolition Charm II"	charm	"Blast Attack:2"	0	0	0
"Demolition Charm III"	charm	"Blast Attack:3"	0	0	0
"Dispersal Charm"	charm	"Spread/Power Shots:1"	0	0	0
"Dragon Charm I"	charm	"Dragon Resistance:1"	0	0	0
"Dragon Charm II"	charm	"Dragon Resistance:2"	0	0	0
"Dragon Charm III"	charm	"Dragon Resistance:3"	0	0	0
"Draw Charm I"	charm	"Critical Draw:1"	0	0	0
"Draw Charm II"	charm	"Critical Draw:2"	0	0	0
"Earplugs Charm I"	charm	Earplugs:1	0	0	0
"Earplugs Charm II"	charm	Earplugs:2	0	0	0
"Earplugs Charm III"	charm	Earplugs:3	0	0	0
"Enervate Charm I"	charm	"Stamina Thief:1"	0	0	0
"Enervate Charm II"	charm	"Stamina Thief:2"	0	0	0
"Enervate Charm III"	charm	"Stamina Thief:3"	0	0	0
"Evasion Charm I"	charm	"Evade Window:1"	0	0	0
"Evasion Charm II"	charm	"Evade Window:2"	0	0	0
"Evasion Charm III"	charm	"Evade Window:3"	0	0	0
"Exploiter Charm I"	charm	"Weakness Exploit:1"	0	0	0
"Exploiter Charm II"	charm	"Weakness Exploit:2"	0	0	0
"Extension Charm I"	charm	"Item Prolonger:1"	0	0	0
"Extension Charm II"	charm	"Item Prolonger:2"	0	0	0
"Extension Charm III"	charm	"Item Prolonger:3"	0	0	0
"Fire Charm I"	charm	"Fire Resistance:1"	0	0	0
"Fire Charm II"	charm	"Fire Resistance:2"	0	0	0
"Fire Charm III"	charm	"Fire Resistance:3"	0	0	0
"Fitness Charm I"	charm	Constitution:1	0	0	0
"Fitness Charm II"	charm	Constitution:2	0	0	0
"Fitness Charm III"	charm	Constitution:3	0	0	0
"Flood Charm I"	charm	"Water Attack:1"	0	0	0
"Flood Charm II"	charm	"Water Attack:2"	0	0	0
"Flood Charm III"	charm	"Water Attack:3"	0	0	0
"Focus Charm I"	charm	Focus:1	0	0	0
"Focus Charm II"	charm	Focus:2	0	0	0
"Fortification Charm"	charm	Fortify:1	0	0	0
"Friendship Charm I"	charm	Wide-Range:1	0	0	0
"Friendship Charm II"	charm	Wide-Range:2	0	0	0
"Friendship Charm III"	charm	Wide-Range:3	0	0	0
"Frost Charm I"	charm	"Ice Attack:1"	0	0	0
"Frost Charm II"	charm	"Ice Attack:2"	0	0	0
"Frost Charm III"	charm	"Ice Attack:3"	0	0	0
"Fury Charm I"	charm	Resentment:1	0	0	0
"Fury Charm II"	charm	Resentment:2	0	0	0
"Gale Charm"	charm	"Affinity Sliding:1,Airborne:1"	0	0	0
"Gale Charm I"	charm	"Affinity Sliding:1,Airborne:1"	0	0	0
"Gatherer's Charm"	charm	"Carving Pro:1,Master Gatherer:1"	0	0	0
"Geology Charm I"	charm	Geologist:1	0	0	0
"Geology Charm II"	charm	Geologist:2	0	0	0
"Geology Charm III"	charm	Geologist:3	0	0	0
"Geomancy Charm"	charm	"Detector:1,Forager's Luck:1"	0	0	0
"Glutton's Charm I"	charm	"Speed Eating:1"	0	0	0
"Glutton's Charm II"	charm	"Speed Eating:2"	0	0	0
"Glutton's Charm III"	charm	"Speed Eating:3"	0	0	0
"Grit Charm I"	charm	Heroics:1	0	0	0
"Grit Charm II"	charm	Heroics:2	0	0	0
"Guard Charm I"	charm	"Iron Skin:1"	0	0	0
"Guard Charm II"	charm	"Iron Skin:2"	0	0	0
"Guard Charm III"	charm	"Iron Skin:3"	0	0	0
"Handicraft Charm I"	charm	Handicraft:1	0	0	0
"Handicraft Charm II"	charm	Handicraft:2	0	0	0
"Handicraft Charm III"	charm	Handicraft:3	0	0	0
"Health Charm I"	charm	"Health Boost:1"	0	0	0
"Health Charm II"	charm	"Health Boost:2"	0	0	0
"Health Charm III"	charm	"Health Boost:3"	0	0	0
"Heavy Artillery Charm I"	charm	"Heavy Artillery:1"	0	0	0
"Heavy Artillery Charm II"	charm	"Heavy Artillery:2"	0	0	0
"Hungerless Charm I"	charm	"Hunger Resistance:1"	0	0	0
"Hungerless Charm II"	charm	"Hunger Resistance:2"	0	0	0
"Hungerless Charm III"	charm	"Hunger Resistance:3"	0	0	0
"Hunter's Life Charm"	charm	"BBQ Master:1,Master Fisher:1"	0	0	0
"Ice Charm I"	charm	"Ice Resistance:1"	0	0	0
"Ice Charm II"	charm	"Ice Resistance:2"	0	0	0
"Ice Charm III"	charm	"Ice Resistance:3"	0	0	0
"Immobilize Charm I"	charm	"Paralysis Attack:1"	0	0	0
"Immobilize Charm II"	charm	"Paralysis Attack:2"	0	0	0
"Immobilize Charm III"	charm	"Paralysis Attack:3"	0	0	0
"Impact Charm I"	charm	"Flinch Free:1"	0	0	0
"Impact Charm II"	charm	"Flinch Free:2"	0	0	0
"Insect Charm I"	charm	Entymologist:1	0	0	0
"Insect Charm II"	charm	Entymologist:2	0	0	0
"Insect Charm III"	charm	Entomologist:3	0	0	0
"Intimidator Charm I"	charm	Intimidator:1	0	0	0
"Intimidator Charm II"	charm	Intimidator:2	0	0	0
"Intimidator Charm III"	charm	Intimidator:3	0	0	0
"Invigorate Charm I"	charm	"Power Prolonger:1"	0	0	0
"Invigorate Charm II"	charm	"Power Prolonger:2"	0	0	0
"Ironside Charm I"	charm	Guard:1	0	0	0
"Ironside Charm II"	charm	Guard:2	0	0	0
"Ironside Charm III"	charm	Guard:3	0	0	0
"KO Charm I"	charm	Slugger:1	0	0	0
"KO Charm II"	charm	Slugger:2	0	0	0
"KO Charm III"	charm	Slugger:3	0	0	0
"Leaping Charm I"	charm	"Evade Extender:1"	0	0	0
"Leaping Charm II"	charm	"Evade Extender:2"	0	0	0
"Light Eater's Charm"	charm	"Free Meal:1"	0	0	0
"Maintenance Charm I"	charm	"Tool Specialist:1"	0	0	0
"Maintenance Charm II"	charm	"Tool Specialist:2"	0	0	0
"Maintenance Charm III"	charm	"Tool Specialist:3"	0	0	0
"Marathon Charm I"	charm	"Marathon Runner:1"	0	0	0
"Marathon Charm II"	charm	"Marathon Runner:2"	0	0	0
"Master's Charm I"	charm	"Critical Eye:1"	0	0	0
"Master's Charm II"	charm	"Critical Eye:2"	0	0	0
"Master's Charm III"	charm	"Critical Eye:3"	0	0	0
"Miasma Charm I"	charm	"Effluvia Resistance:1"	0	0	0
"Miasma Charm II"	charm	"Effluvia Resistance:2"	0	0	0
"Miasma Charm III"	charm	"Effluvia Resistance:3"	0	0	0
"Mighty Charm I"	charm	"Maximum Might:1"	0	0	0
"Mighty Charm II"	charm	"Maximum Might:2"	0	0	0
"Mirewalker Charm I"	charm	"Aquatic Expert:1"	0	0	0
"Mirewalker Charm II"	charm	"Aquatic Expert:2"	0	0	0
"Mirewalker Charm III"	charm	"Aquatic Expert:3"	0	0	0
"Mud Puppy Charm"	charm	"Leap of Faith:1,Muck Resistance:1"	0	0	0
"Mushroom Charm I"	charm	Mushroomancer:1	0	0	0
"Mushroom Charm II"	charm	Mushroomancer:2	0	0	0
"Normal Shots Charm"	charm	"Normal Shots:1"	0	0	0
"Para Coating Charm"	charm	"Para Functionality:1"	0	0	0
"Paralysis Charm I"	charm	"Paralysis Resistance:1"	0	0	0
"Paralysis Charm II"	charm	"Paralysis Resistance:2"	0	0	0
"Paralysis Charm III"	charm	"Paralysis Resistance:3"	0	0	0
"Penetration Charm"	charm	"Piercing Shots:1"	0	0	0
"Performer's Charm"	charm	"Horn Maestro:1"	0	0	0
"Poison Charm I"	charm	"Poison Resistance:1"	0	0	0
"Poison Charm II"	charm	"Poison Resistance:2"	0	0	0
"Poison Charm III"	charm	"Poison Resistance:3"	0	0	0
"Poison Coating Charm"	charm	"Poison Functionality:1"	0	0	0
"Power Charm I"	charm	"Latent Power:1"	0	0	0
"Power Charm II"	charm	"Latent Power:2"	0	0	0
"Procurer's Charm"	charm	"Honey Hunter:1,Pro Transporter:1"	0	0	0
"Rally Charm I"	charm	"Palico Rally:1"	0	0	0
"Rally Charm II"	charm	"Palico Rally:2"	0	0	0
"Rally Charm III"	charm	"Palico Rally:3"	0	0	0
"Recovery Charm I"	charm	"Recovery Up:1"	0	0	0
"Recovery Charm II"	charm	"Recovery Up:2"	0	0	0
"Recovery Charm III"	charm	"Recovery Up:3"	0	0	0
"Rider's Charm"	charm	"Jump Master:1,Master Mounter:1"	0	0	0
"Sheath Charm I"	charm	"Quick Sheath:1"	0	0	0
"Sheath Charm II"	charm	"Quick Sheath:2"	0	0	0
"Sheath Charm III"	charm	"Quick Sheath:3"	0	0	0
"Shock Charm I"	charm	"Thunder Attack:1"	0	0	0
"Shock Charm II"	charm	"Thunder Attack:2"	0	0	0
"Shock Charm III"	charm	"Thunder Attack:3"	0	0	0
"Sleep Charm I"	charm	"Sleep Resistance:1"	0	0	0
"Sleep Charm II"	charm	"Sleep Resistance:2"	0	0	0
"Sleep Charm III"	charm	"Sleep Resistance:3"	0	0	0
"Sleep Coating Charm"	charm	"Sleep Functionality:1"	0	0	0
"Slinger Charm I"	charm	"Slinger Capacity:1"	0	0	0
"Slinger Charm II"	charm	"Slinger Capacity:2"	0	0	0
"Slinger Charm III"	charm	"Slinger Capacity:3"	0	0	0
"Smoke Charm I"	charm	"Sporepuff Expert:1"	0	0	0
"Smoke Charm II"	charm	"Sporepuff Expert:2"	0	0	0
"Smoke Charm III"	charm	"Sporepuff Expert:3"	0	0	0
"Speed Heal Charm I"	charm	"Recovery Speed:1"	0	0	0
"Speed Heal Charm II"	charm	"Recovery Speed:2"	0	0	0
"Speed Heal Charm III"	charm	"Recovery Speed:3"	0	0	0
"Stealth Charm I"	charm	Stealth:1	0	0	0
"Stealth Charm II"	charm	Stealth:2	0	0	0
"Stealth Charm III"	charm	Stealth:3	0	0	0
"Stun Charm I"	charm	"Stun Resistance:1"	0	0	0
"Stun Charm II"	charm	"Stun Resistance:2"	0	0	0
"Stun Charm III"	charm	"Stun Resistance:3"	0	0	0
"Surge Charm I"	charm	"Stamina Surge:1"	0	0	0
"Surge Charm II"	charm	"Stamina Surge:2"	0	0	0
"Surveyor's Charm"	charm	"Scholar:1,Scoutfly Range Up:1"	0	0	0
"Thunder Charm I"	charm	"Thunder Resistance:1"	0	0	0
"Thunder Charm II"	charm	"Thunder Resistance:2"	0	0	0
"Thunder Charm III"	charm	"Thunder Resistance:3"	0	0	0
"Tracker Charm"	charm	Scenthound:1	0	0	0
"Tranq Charm I"	charm	"Sleep Attack:1"	0	0	0
"Tranq Charm II"	charm	"Sleep Attack:2"	0	0	0
"Tranq Charm III"	charm	"Sleep Attack:3"	0	0	0
"Tremor Charm I"	charm	"Tremor Resistance:1"	0	0	0
"Tremor Charm II"	charm	"Tremor Resistance:2"	0	0	0
"Trickshot Charm"	charm	"Blindsider:1,Dungmaster:1"	0	0	0
"Trickshot Charm I"	charm	"Special Ammo Boost:1"	0	0	0
"Trickshot Charm II"	charm	"Special Ammo Boost:2"	0	0	0
"Unscathed Charm I"	charm	"Peak Performance:1"	0	0	0
"Unscathed Charm II"	charm	"Peak Performance:2"	0	0	0
"Venom Charm I"	charm	"Poison Attack:1"	0	0	0
"Venom Charm II"	charm	"Poison Attack:2"	0	0	0
"Venom Charm III"	charm	"Poison Attack:3"	0	0	0
"Water Charm I"	charm	"Water Resistance:1"	0	0	0
"Water Charm II"	charm	"Water Resistance:2"	0	0	0
"Water Charm III"	charm	"Water Resistance:3"	0	0	0
"Whetstone Charm I"	charm	"Speed Sharpening:1"	0	0	0
"Whetstone Charm II"	charm	"Speed Sharpening:2"	0	0	0
"Whetstone Charm III"	charm	"Speed Sharpening:3"	0	0	0
"Windproof Charm I"	charm	Windproof:1	0	0	0
"Windproof Charm II"	charm	Windproof:2	0	0	0
"Windproof Charm III"	charm	Windproof:3	0	0	0
"Wyrmsbane Charm I"	charm	"Dragon Attack:1"	0	0	0
"Wyrmsbane Charm II"	charm	"Dragon Attack:2"	0	0	0
"Wyrmsbane Charm III"	charm	"Dragon Attack:3"	0	0	0
"Wyrmslayer Charm"	charm	"Dragon Attack:1,Elderseal Boost:1"	0	0	0
